-- Inserindo 50 registros na tabela Clientes
INSERT INTO Clientes (nome, email, telefone, data_nascimento, data_cadastro) VALUES
    ('Ana Paula Silva', 'ana.paula@email.com', '(11) 98765-4321', '1990-05-12', '2025-01-10'),
    ('Bruno Oliveira', 'bruno.oliveira@email.com', '(21) 91234-5678', '1985-08-23', '2025-01-15'),
    ('Carla Souza', 'carla.souza@email.com', '(31) 99876-5432', '1995-03-17', '2025-01-20'),
    ('Diego Santos', 'diego.santos@email.com', '(41) 98765-1234', '1988-11-30', '2025-01-25'),
    ('Eduarda Lima', 'eduarda.lima@email.com', '(51) 91234-8765', '1992-07-14', '2025-02-01'),
    ('Felipe Almeida', 'felipe.almeida@email.com', '(61) 99876-4321', '1993-09-05', '2025-02-05'),
    ('Gabriela Costa', 'gabriela.costa@email.com', '(71) 98765-5678', '1987-12-22', '2025-02-10'),
    ('Henrique Pereira', 'henrique.pereira@email.com', '(81) 91234-1234', '1991-04-18', '2025-02-15'),
    ('Isabela Ferreira', 'isabela.ferreira@email.com', '(91) 99876-8765', '1994-06-09', '2025-02-20'),
    ('João Pedro Rocha', 'joao.pedro@email.com', '(11) 98765-9876', '1989-10-25', '2025-02-25'),
    ('Karla Mendes', 'karla.mendes@email.com', '(21) 91234-4321', '1996-02-13', '2025-03-01'),
    ('Lucas Ribeiro', 'lucas.ribeiro@email.com', '(31) 99876-5678', '1986-01-07', '2025-03-05'),
    ('Mariana Dias', 'mariana.dias@email.com', '(41) 98765-8765', '1990-03-29', '2025-03-10'),
    ('Natália Gomes', 'natalia.gomes@email.com', '(51) 91234-9876', '1997-08-15', '2025-03-11'),
    ('Otávio Barbosa', 'otavio.barbosa@email.com', '(61) 99876-1234', '1984-11-03', '2025-03-12'),
    ('Patrícia Nunes', 'patricia.nunes@email.com', '(71) 98765-4321', '1993-05-20', '2025-03-13'),
    ('Rafael Cardoso', 'rafael.cardoso@email.com', '(81) 91234-5678', '1988-07-27', '2025-03-14'),
    ('Sofia Martins', 'sofia.martins@email.com', '(91) 99876-9876', '1995-09-11', '2025-03-15'),
    ('Thiago Lopes', 'thiago.lopes@email.com', '(11) 98765-1234', '1991-12-08', '2025-03-16'),
    ('Vanessa Castro', 'vanessa.castro@email.com', '(21) 91234-8765', '1989-04-02', '2025-03-17'),
    ('Wagner Teixeira', 'wagner.teixeira@email.com', '(31) 99876-4321', '1994-06-19', '2025-03-18'),
    ('Ximena Duarte', 'ximena.duarte@email.com', '(41) 98765-5678', '1987-10-14', '2025-03-19'),
    ('Yasmin Azevedo', 'yasmin.azevedo@email.com', '(51) 91234-1234', '1996-01-25', '2025-03-20'),
    ('Zé Carlos Pinto', 'ze.carlos@email.com', '(61) 99876-8765', '1985-03-09', '2025-03-21'),
    ('Amanda Reis', 'amanda.reis@email.com', '(71) 98765-9876', '1992-08-30', '2025-03-22'),
    ('Bernardo Farias', 'bernardo.farias@email.com', '(81) 91234-4321', '1988-11-17', '2025-03-23'),
    ('Cláudia Borges', 'claudia.borges@email.com', '(91) 99876-5678', '1993-02-04', '2025-03-24'),
    ('Daniel Moura', 'daniel.moura@email.com', '(11) 98765-8765', '1990-05-28', '2025-03-25'),
    ('Elisa Vargas', 'elisa.vargas@email.com', '(21) 91234-9876', '1986-07-13', '2025-03-26'),
    ('Fábio Cunha', 'fabio.cunha@email.com', '(31) 99876-1234', '1995-09-22', '2025-03-27'),
    ('Gisele Pires', 'gisele.pires@email.com', '(41) 98765-4321', '1989-12-01', '2025-03-28'),
    ('Hugo Moreira', 'hugo.moreira@email.com', '(51) 91234-5678', '1994-03-16', '2025-03-29'),
    ('Ingrid Santana', 'ingrid.santana@email.com', '(61) 99876-9876', '1991-06-07', '2025-03-30'),
    ('Jonas Cavalcanti', 'jonas.cavalcanti@email.com', '(71) 98765-1234', '1987-08-24', '2025-03-31'),
    ('Larissa Ramos', 'larissa.ramos@email.com', '(81) 91234-8765', '1996-10-11', '2025-04-01'),
    ('Marcelo Vieira', 'marcelo.vieira@email.com', '(91) 99876-4321', '1985-01-19', '2025-04-02'),
    ('Nádia Torres', 'nadia.torres@email.com', '(11) 98765-5678', '1993-04-05', '2025-04-03'),
    ('Olavo Lima', 'olavo.lima@email.com', '(21) 91234-1234', '1988-06-23', '2025-04-04'),
    ('Priscila Braga', 'priscila.braga@email.com', '(31) 99876-8765', '1990-09-14', '2025-04-05'),
    ('Renato Freire', 'renato.freire@email.com', '(41) 98765-9876', '1995-11-02', '2025-04-06'),
    ('Sabrina Melo', 'sabrina.melo@email.com', '(51) 91234-4321', '1989-02-27', '2025-04-07'),
    ('Túlio Nogueira', 'tulio.nogueira@email.com', '(61) 99876-5678', '1994-05-18', '2025-04-08'),
    ('Úrsula Peixoto', 'ursula.peixoto@email.com', '(71) 98765-8765', '1986-07-09', '2025-04-09'),
    ('Vinícius Leite', 'vinicius.leite@email.com', '(81) 91234-9876', '1991-10-26', '2025-04-10'),
    ('Wendy Matos', 'wendy.matos@email.com', '(91) 99876-1234', '1997-12-15', '2025-04-11'),
    ('Xavier Correia', 'xavier.correia@email.com', '(11) 98765-4321', '1988-03-31', '2025-04-12'),
    ('Yuri Brandão', 'yuri.brandao@email.com', '(21) 91234-5678', '1993-06-20', '2025-04-13'),
    ('Zilda Fernandes', 'zilda.fernandes@email.com', '(31) 99876-9876', '1985-08-08', '2025-04-14'),
    ('André Guedes', 'andre.guedes@email.com', '(41) 98765-1234', '1990-11-23', '2025-04-15'),
    ('Beatriz Lins', 'beatriz.lins@email.com', '(51) 91234-8765', '1996-01-12', '2025-04-16');

-- Inserindo 50 registros na tabela Enderecos com subconsultas
INSERT INTO Enderecos (cliente_id, logradouro, bairro, cidade, estado, cep) VALUES
    ((SELECT id FROM clientes WHERE email = 'ana.paula@email.com'), 'Rua das Flores 123', 'Centro', 'São Paulo', 'SP', '01001-000'),
    ((SELECT id FROM clientes WHERE email = 'bruno.oliveira@email.com'), 'Avenida Brasil 456', 'Copacabana', 'Rio de Janeiro', 'RJ', '22070-000'),
    ((SELECT id FROM clientes WHERE email = 'carla.souza@email.com'), 'Rua Minas Gerais 789', 'Savassi', 'Belo Horizonte', 'MG', '30140-000'),
    ((SELECT id FROM clientes WHERE email = 'diego.santos@email.com'), 'Rua XV de Novembro 101', 'Centro', 'Curitiba', 'PR', '80020-000'),
    ((SELECT id FROM clientes WHERE email = 'eduarda.lima@email.com'), 'Avenida Beira-Mar 234', 'Meireles', 'Fortaleza', 'CE', '60165-000'),
    ((SELECT id FROM clientes WHERE email = 'felipe.almeida@email.com'), 'Rua da Consolação 567', 'Consolação', 'São Paulo', 'SP', '01301-000'),
    ((SELECT id FROM clientes WHERE email = 'gabriela.costa@email.com'), 'Rua Sete de Setembro 890', 'Centro', 'Salvador', 'BA', '40060-000'),
    ((SELECT id FROM clientes WHERE email = 'henrique.pereira@email.com'), 'Avenida Atlântica 11', 'Boa Viagem', 'Recife', 'PE', '51011-000'),
    ((SELECT id FROM clientes WHERE email = 'isabela.ferreira@email.com'), 'Rua Padre Chagas 222', 'Moinhos de Vento', 'Porto Alegre', 'RS', '90570-000'),
    ((SELECT id FROM clientes WHERE email = 'joao.pedro@email.com'), 'Rua do Catete 333', 'Catete', 'Rio de Janeiro', 'RJ', '22220-000'),
    ((SELECT id FROM clientes WHERE email = 'karla.mendes@email.com'), 'Rua Barão de Itapetininga 444', 'República', 'São Paulo', 'SP', '01042-000'),
    ((SELECT id FROM clientes WHERE email = 'lucas.ribeiro@email.com'), 'Avenida Afonso Pena 555', 'Centro', 'Belo Horizonte', 'MG', '30130-000'),
    ((SELECT id FROM clientes WHERE email = 'mariana.dias@email.com'), 'Rua General Osório 666', 'Centro', 'Campinas', 'SP', '13010-000'),
    ((SELECT id FROM clientes WHERE email = 'natalia.gomes@email.com'), 'Rua Farrapos 777', 'Floresta', 'Porto Alegre', 'RS', '90220-000'),
    ((SELECT id FROM clientes WHERE email = 'otavio.barbosa@email.com'), 'Avenida Tancredo Neves 888', 'Caminho das Árvores', 'Salvador', 'BA', '41820-000'),
    ((SELECT id FROM clientes WHERE email = 'patricia.nunes@email.com'), 'Rua Augusta 999', 'Cerqueira César', 'São Paulo', 'SP', '01305-000'),
    ((SELECT id FROM clientes WHERE email = 'rafael.cardoso@email.com'), 'Rua Domingos de Morais 1010', 'Vila Mariana', 'São Paulo', 'SP', '04010-000'),
    ((SELECT id FROM clientes WHERE email = 'bruno.oliveira@email.com'), 'Avenida Rio Branco 1111', 'Centro', 'Rio de Janeiro', 'RJ', '20090-000'),
    ((SELECT id FROM clientes WHERE email = 'thiago.lopes@email.com'), 'Rua Teixeira de Freitas 1212', 'Laranjeiras', 'Rio de Janeiro', 'RJ', '22221-000'),
    ((SELECT id FROM clientes WHERE email = 'vanessa.castro@email.com'), 'Rua das Laranjeiras 1313', 'Jardim Paulista', 'São Paulo', 'SP', '01423-000'),
    ((SELECT id FROM clientes WHERE email = 'wagner.teixeira@email.com'), 'Avenida Sete de Setembro 1414', 'Icaraí', 'Niterói', 'RJ', '24230-000'),
    ((SELECT id FROM clientes WHERE email = 'ximena.duarte@email.com'), 'Rua Voluntários da Pátria 1515', 'Botafogo', 'Rio de Janeiro', 'RJ', '22270-000'),
    ((SELECT id FROM clientes WHERE email = 'yasmin.azevedo@email.com'), 'Rua Marechal Deodoro 1616', 'Centro', 'Curitiba', 'PR', '80010-000'),
    ((SELECT id FROM clientes WHERE email = 'ze.carlos@email.com'), 'Avenida Getúlio Vargas 1717', 'Funcionários', 'Belo Horizonte', 'MG', '30112-000'),
    ((SELECT id FROM clientes WHERE email = 'amanda.reis@email.com'), 'Rua São Bento 1818', 'Centro', 'São Paulo', 'SP', '01011-000'),
    ((SELECT id FROM clientes WHERE email = 'bernardo.farias@email.com'), 'Rua da Praia 1919', 'Centro Histórico', 'Porto Alegre', 'RS', '90010-000'),
    ((SELECT id FROM clientes WHERE email = 'claudia.borges@email.com'), 'Avenida Boa Viagem 2020', 'Boa Viagem', 'Recife', 'PE', '51020-000'),
    ((SELECT id FROM clientes WHERE email = 'daniel.moura@email.com'), 'Rua da Carioca 2121', 'Centro', 'Rio de Janeiro', 'RJ', '20050-000'),
    ((SELECT id FROM clientes WHERE email = 'elisa.vargas@email.com'), 'Rua das Acácias 2222', 'Jardim Botânico', 'São Paulo', 'SP', '01426-000'),
    ((SELECT id FROM clientes WHERE email = 'fabio.cunha@email.com'), 'Avenida Juscelino Kubitschek 2323', 'Itaim Bibi', 'São Paulo', 'SP', '04543-000'),
    ((SELECT id FROM clientes WHERE email = 'gisele.pires@email.com'), 'Rua do Ouvidor 2424', 'Centro', 'Rio de Janeiro', 'RJ', '20040-000'),
    ((SELECT id FROM clientes WHERE email = 'hugo.moreira@email.com'), 'Rua José Bonifácio 2525', 'Santo Antônio', 'Belo Horizonte', 'MG', '30330-000'),
    ((SELECT id FROM clientes WHERE email = 'ingrid.santana@email.com'), 'Avenida Ipiranga 2626', 'Jardim Brasil', 'São Paulo', 'SP', '01508-000'),
    ((SELECT id FROM clientes WHERE email = 'jonas.cavalcanti@email.com'), 'Rua da Aurora 2727', 'Boa Vista', 'Recife', 'PE', '50050-000'),
    ((SELECT id FROM clientes WHERE email = 'larissa.ramos@email.com'), 'Rua Barão do Rio Branco 2828', 'Centro', 'Curitiba', 'PR', '80010-000'),
    ((SELECT id FROM clientes WHERE email = 'marcelo.vieira@email.com'), 'Avenida Independência 2929', 'Centro', 'Porto Alegre', 'RS', '90035-000'),
    ((SELECT id FROM clientes WHERE email = 'nadia.torres@email.com'), 'Rua dos Andradas 3030', 'Centro', 'Manaus', 'AM', '69005-000'),
    ((SELECT id FROM clientes WHERE email = 'olavo.lima@email.com'), 'Rua São José 3131', 'Centro', 'Florianópolis', 'SC', '88010-000'),
    ((SELECT id FROM clientes WHERE email = 'priscila.braga@email.com'), 'Avenida Paulista 3232', 'Bela Vista', 'São Paulo', 'SP', '01311-000'),
    ((SELECT id FROM clientes WHERE email = 'renato.freire@email.com'), 'Rua do Mercado 3333', 'Centro', 'Rio de Janeiro', 'RJ', '20010-000'),
    ((SELECT id FROM clientes WHERE email = 'sabrina.melo@email.com'), 'Rua das Palmeiras 3434', 'Botafogo', 'Campinas', 'SP', '13020-000'),
    ((SELECT id FROM clientes WHERE email = 'tulio.nogueira@email.com'), 'Avenida Dom Pedro II 3535', 'Jardim América', 'Belo Horizonte', 'MG', '30421-000'),
    ((SELECT id FROM clientes WHERE email = 'ursula.peixoto@email.com'), 'Rua Santo Antônio 3636', 'Centro', 'Salvador', 'BA', '40020-000'),
    ((SELECT id FROM clientes WHERE email = 'vinicius.leite@email.com'), 'Rua do Rosário 3737', 'Centro', 'Porto Alegre', 'RS', '90020-000'),
    ((SELECT id FROM clientes WHERE email = 'wendy.matos@email.com'), 'Avenida Santos Dumont 3838', 'Aldeota', 'Fortaleza', 'CE', '60150-000'),
    ((SELECT id FROM clientes WHERE email = 'xavier.correia@email.com'), 'Rua do Carmo 3939', 'Centro', 'São Paulo', 'SP', '01019-000'),
    ((SELECT id FROM clientes WHERE email = 'yuri.brandao@email.com'), 'Rua da Glória 4040', 'Glória', 'Rio de Janeiro', 'RJ', '22211-000'),
    ((SELECT id FROM clientes WHERE email = 'zilda.fernandes@email.com'), 'Avenida Amazonas 4141', 'Centro', 'Belo Horizonte', 'MG', '30180-000'),
    ((SELECT id FROM clientes WHERE email = 'andre.guedes@email.com'), 'Rua Primeiro de Março 4242', 'Centro', 'Rio de Janeiro', 'RJ', '20010-000'),
    ((SELECT id FROM clientes WHERE email = 'beatriz.lins@email.com'), 'Rua das Hortênsias 4343', 'Jardim das Flores', 'São Paulo', 'SP', '01427-000');

INSERT INTO categorias (nome) VALUES
    ('Pizza'),
    ('Hambúrguer'),
    ('Sushi'),
    ('Lanches'),
    ('Sobremesas'),
    ('Bebidas'),
    ('Acompanhamentos'),
    ('Saudável'),
    ('Café da Manhã'),
    ('Pratos Executivos');

INSERT INTO Produtos (nome, descricao, preco, categoria_id) VALUES
    ('Pizza Margherita', 'Molho de tomate, muçarela e manjericão', 35.00, (SELECT id FROM Categorias WHERE nome = 'Pizza')),
    ('Pizza Calabresa', 'Calabresa fatiada, cebola e muçarela', 38.00, (SELECT id FROM Categorias WHERE nome = 'Pizza')),
    ('Pizza Quatro Queijos', 'Mistura de muçarela, parmesão, provolone e gorgonzola', 42.00, (SELECT id FROM Categorias WHERE nome = 'Pizza')),
    ('Pizza Frango com Catupiry', 'Frango desfiado e catupiry original', 40.00, (SELECT id FROM Categorias WHERE nome = 'Pizza')),
    ('Pizza Pepperoni', 'Pepperoni, muçarela e molho picante', 39.00, (SELECT id FROM Categorias WHERE nome = 'Pizza')),
    ('Hambúrguer Clássico', 'Pão, carne, queijo, alface e tomate', 25.00, (SELECT id FROM Categorias WHERE nome = 'Hambúrguer')),
    ('Hambúrguer Bacon', 'Pão, carne, bacon crocante, cheddar e maionese', 28.00, (SELECT id FROM Categorias WHERE nome = 'Hambúrguer')),
    ('Hambúrguer Duplo', 'Dois hambúrgueres, queijo, cebola caramelizada', 32.00, (SELECT id FROM Categorias WHERE nome = 'Hambúrguer')),
    ('Hambúrguer Vegano', 'Pão, hambúrguer de grão-de-bico, rúcula e molho especial', 27.00, (SELECT id FROM Categorias WHERE nome = 'Hambúrguer')),
    ('Hambúrguer BBQ', 'Carne, queijo, bacon e molho barbecue', 30.00, (SELECT id FROM Categorias WHERE nome = 'Hambúrguer')),
    ('Combo Sushi 20 Peças', 'Sushis variados com salmão, atum e kani', 50.00, (SELECT id FROM Categorias WHERE nome = 'Sushi')),
    ('Temaki Salmão', 'Salmão fresco, arroz e cream cheese', 18.00, (SELECT id FROM Categorias WHERE nome = 'Sushi')),
    ('Uramaki Filadélfia', 'Salmão, cream cheese e cebolinha', 22.00, (SELECT id FROM Categorias WHERE nome = 'Sushi')),
    ('Hot Roll', 'Rolinho frito com salmão e cream cheese', 20.00, (SELECT id FROM Categorias WHERE nome = 'Sushi')),
    ('Sashimi Misto 10 Peças', 'Fatias de salmão e atum frescos', 35.00, (SELECT id FROM Categorias WHERE nome = 'Sushi')),
    ('X-Burguer', 'Pão, hambúrguer, queijo, maionese e salada', 15.00, (SELECT id FROM Categorias WHERE nome = 'Lanches')),
    ('X-Salada', 'Pão, hambúrguer, queijo, alface, tomate e maionese', 17.00, (SELECT id FROM Categorias WHERE nome = 'Lanches')),
    ('Cachorro-Quente Simples', 'Pão, salsicha, molho e batata palha', 12.00, (SELECT id FROM Categorias WHERE nome = 'Lanches')),
    ('Misto Quente', 'Pão de forma, presunto e queijo derretido', 10.00, (SELECT id FROM Categorias WHERE nome = 'Lanches')),
    ('Sanduíche Natural', 'Pão integral, frango desfiado, cenoura e maionese light', 14.00, (SELECT id FROM Categorias WHERE nome = 'Lanches')),
    ('Bife à Parmegiana', 'Arroz, feijão, bife à milanesa com molho e queijo', 30.00, (SELECT id FROM Categorias WHERE nome = 'Pratos Executivos')),
    ('Strogonoff de Frango', 'Arroz, batata frita e strogonoff cremoso', 28.00, (SELECT id FROM Categorias WHERE nome = 'Pratos Executivos')),
    ('Feijoada Completa', 'Feijão preto, carnes, arroz, farofa e couve', 35.00, (SELECT id FROM Categorias WHERE nome = 'Pratos Executivos')),
    ('Filé de Peixe', 'Arroz, purê de batata e filé grelhado', 32.00, (SELECT id FROM Categorias WHERE nome = 'Pratos Executivos')),
    ('Picadinho de Carne', 'Arroz, feijão, carne picada e legumes', 27.00, (SELECT id FROM Categorias WHERE nome = 'Pratos Executivos')),
    ('Bolo de Chocolate', 'Fatia de bolo fofinho com cobertura de brigadeiro', 12.00, (SELECT id FROM Categorias WHERE nome = 'Sobremesas')),
    ('Pudim de Leite', 'Pudim caseiro com calda de caramelo', 10.00, (SELECT id FROM Categorias WHERE nome = 'Sobremesas')),
    ('Sorvete 500ml', 'Sorvete de creme com chocolate', 18.00, (SELECT id FROM Categorias WHERE nome = 'Sobremesas')),
    ('Torta de Limão', 'Fatia de torta com base crocante e creme de limão', 14.00, (SELECT id FROM Categorias WHERE nome = 'Sobremesas')),
    ('Brigadeiro Gourmet', 'Caixa com 6 brigadeiros de chocolate belga', 15.00, (SELECT id FROM Categorias WHERE nome = 'Sobremesas')),
    ('Coca-Cola 2L', 'Refrigerante de cola 2 litros', 8.00, (SELECT id FROM Categorias WHERE nome = 'Bebidas')),
    ('Suco de Laranja 1L', 'Suco natural de laranja', 12.00, (SELECT id FROM Categorias WHERE nome = 'Bebidas')),
    ('Cerveja Brahma 350ml', 'Cerveja pilsen gelada', 6.00, (SELECT id FROM Categorias WHERE nome = 'Bebidas')),
    ('Água Mineral 500ml', 'Água sem gás', 3.00, (SELECT id FROM Categorias WHERE nome = 'Bebidas')),
    ('Guaraná Antarctica 900ml', 'Refrigerante de guaraná', 7.00, (SELECT id FROM Categorias WHERE nome = 'Bebidas')),
    ('Batata Frita 300g', 'Porção de batata frita crocante', 15.00, (SELECT id FROM Categorias WHERE nome = 'Acompanhamentos')),
    ('Onion Rings 200g', 'Anéis de cebola empanados', 18.00, (SELECT id FROM Categorias WHERE nome = 'Acompanhamentos')),
    ('Nuggets 10un', 'Nuggets de frango crocantes', 20.00, (SELECT id FROM Categorias WHERE nome = 'Acompanhamentos')),
    ('Polenta Frita 250g', 'Polenta frita em cubos', 14.00, (SELECT id FROM Categorias WHERE nome = 'Acompanhamentos')),
    ('Mac and Cheese 200g', 'Macarrão com molho de queijo cremoso', 17.00, (SELECT id FROM Categorias WHERE nome = 'Acompanhamentos')),
    ('Salada Caesar', 'Alface, frango grelhado, croutons e molho caesar', 22.00, (SELECT id FROM Categorias WHERE nome = 'Saudável')),
    ('Bowl Vegano', 'Quinoa, abacate, grão-de-bico e legumes', 25.00, (SELECT id FROM Categorias WHERE nome = 'Saudável')),
    ('Wrap Integral', 'Frango desfiado, cenoura e rúcula em pão integral', 18.00, (SELECT id FROM Categorias WHERE nome = 'Saudável')),
    ('Sopa de Abóbora', 'Sopa cremosa de abóbora com gengibre', 15.00, (SELECT id FROM Categorias WHERE nome = 'Saudável')),
    ('Salada de Frutas 300g', 'Mix de frutas frescas da estação', 12.00, (SELECT id FROM Categorias WHERE nome = 'Saudável')),
    ('Pão com Manteiga', 'Pão francês com manteiga na chapa', 8.00, (SELECT id FROM Categorias WHERE nome = 'Café da Manhã')),
    ('Tapioca de Queijo', 'Tapioca recheada com muçarela', 12.00, (SELECT id FROM Categorias WHERE nome = 'Café da Manhã')),
    ('Bolo de Cenoura', 'Fatia de bolo com cobertura de chocolate', 10.00, (SELECT id FROM Categorias WHERE nome = 'Café da Manhã')),
    ('Cesta de Pães', 'Mix de pães, geleia e manteiga', 20.00, (SELECT id FROM Categorias WHERE nome = 'Café da Manhã')),
    ('Omelete Simples', 'Omelete de 3 ovos com queijo e tomate', 15.00, (SELECT id FROM Categorias WHERE nome = 'Café da Manhã'));

-- Inserindo 150 registros na tabela Pedidos com subconsultas baseadas em email
INSERT INTO pedidos (cliente_id, dt_pedido, status, total) VALUES
    ((SELECT id FROM clientes WHERE email = 'ana.paula@email.com'), '2025-01-01 12:30:00', 'Entregue', 35.00),
    ((SELECT id FROM clientes WHERE email = 'bruno.oliveira@email.com'), '2025-01-02 19:00:00', 'Entregue', 25.00),
((SELECT id FROM clientes WHERE email = 'carla.souza@email.com'), '2025-01-03 20:15:00', 'Pendente', 50.00),
((SELECT id FROM clientes WHERE email = 'diego.santos@email.com'), '2025-01-04 13:45:00', 'Entregue', 15.00),
((SELECT id FROM clientes WHERE email = 'eduarda.lima@email.com'), '2025-01-05 18:00:00', 'Em andamento', 30.00),
((SELECT id FROM clientes WHERE email = 'felipe.almeida@email.com'), '2025-01-06 14:20:00', 'Entregue', 12.00),
((SELECT id FROM clientes WHERE email = 'gabriela.costa@email.com'), '2025-01-07 21:30:00', 'Cancelado', 8.00),
((SELECT id FROM clientes WHERE email = 'henrique.pereira@email.com'), '2025-01-08 17:10:00', 'Entregue', 15.00),
((SELECT id FROM clientes WHERE email = 'isabela.ferreira@email.com'), '2025-01-09 19:45:00', 'Pendente', 22.00),
((SELECT id FROM clientes WHERE email = 'joao.pedro@email.com'), '2025-01-10 11:00:00', 'Entregue', 8.00),
((SELECT id FROM clientes WHERE email = 'karla.mendes@email.com'), '2025-01-11 15:30:00', 'Entregue', 38.00),
((SELECT id FROM clientes WHERE email = 'lucas.ribeiro@email.com'), '2025-01-12 20:00:00', 'Em andamento', 28.00),
((SELECT id FROM clientes WHERE email = 'mariana.dias@email.com'), '2025-01-13 18:15:00', 'Entregue', 18.00),
((SELECT id FROM clientes WHERE email = 'natalia.gomes@email.com'), '2025-01-14 12:45:00', 'Pendente', 17.00),
((SELECT id FROM clientes WHERE email = 'otavio.barbosa@email.com'), '2025-01-15 19:30:00', 'Entregue', 28.00),
((SELECT id FROM clientes WHERE email = 'ana.paula@email.com'), '2025-01-16 13:00:00', 'Entregue', 10.00),
((SELECT id FROM clientes WHERE email = 'bruno.oliveira@email.com'), '2025-01-17 21:00:00', 'Cancelado', 12.00),
((SELECT id FROM clientes WHERE email = 'carla.souza@email.com'), '2025-01-18 16:45:00', 'Entregue', 18.00),
((SELECT id FROM clientes WHERE email = 'diego.santos@email.com'), '2025-01-19 18:30:00', 'Pendente', 25.00),
((SELECT id FROM clientes WHERE email = 'eduarda.lima@email.com'), '2025-01-20 14:15:00', 'Entregue', 10.00),
((SELECT id FROM clientes WHERE email = 'patricia.nunes@email.com'), '2025-01-21 19:00:00', 'Entregue', 42.00),
((SELECT id FROM clientes WHERE email = 'rafael.cardoso@email.com'), '2025-01-22 12:30:00', 'Em andamento', 32.00),
((SELECT id FROM clientes WHERE email = 'sofia.martins@email.com'), '2025-01-23 20:45:00', 'Entregue', 22.00),
((SELECT id FROM clientes WHERE email = 'thiago.lopes@email.com'), '2025-01-24 17:15:00', 'Pendente', 12.00),
((SELECT id FROM clientes WHERE email = 'vanessa.castro@email.com'), '2025-01-25 13:30:00', 'Entregue', 35.00),
((SELECT id FROM clientes WHERE email = 'felipe.almeida@email.com'), '2025-01-26 18:00:00', 'Entregue', 18.00),
((SELECT id FROM clientes WHERE email = 'gabriela.costa@email.com'), '2025-01-27 21:15:00', 'Cancelado', 3.00),
((SELECT id FROM clientes WHERE email = 'henrique.pereira@email.com'), '2025-01-28 15:45:00', 'Entregue', 20.00),
((SELECT id FROM clientes WHERE email = 'isabela.ferreira@email.com'), '2025-01-29 19:30:00', 'Pendente', 18.00),
((SELECT id FROM clientes WHERE email = 'joao.pedro@email.com'), '2025-01-30 12:00:00', 'Entregue', 12.00),
((SELECT id FROM clientes WHERE email = 'wagner.teixeira@email.com'), '2025-01-31 17:00:00', 'Entregue', 40.00),
((SELECT id FROM clientes WHERE email = 'ximena.duarte@email.com'), '2025-02-01 20:30:00', 'Em andamento', 27.00),
((SELECT id FROM clientes WHERE email = 'yasmin.azevedo@email.com'), '2025-02-02 13:15:00', 'Entregue', 20.00),
((SELECT id FROM clientes WHERE email = 'ze.carlos@email.com'), '2025-02-03 18:45:00', 'Pendente', 10.00),
((SELECT id FROM clientes WHERE email = 'amanda.reis@email.com'), '2025-02-04 14:30:00', 'Entregue', 27.00),
((SELECT id FROM clientes WHERE email = 'karla.mendes@email.com'), '2025-02-05 19:15:00', 'Entregue', 14.00),
((SELECT id FROM clientes WHERE email = 'lucas.ribeiro@email.com'), '2025-02-06 21:00:00', 'Cancelado', 7.00),
((SELECT id FROM clientes WHERE email = 'mariana.dias@email.com'), '2025-02-07 16:30:00', 'Entregue', 14.00),
((SELECT id FROM clientes WHERE email = 'natalia.gomes@email.com'), '2025-02-08 18:00:00', 'Pendente', 15.00),
((SELECT id FROM clientes WHERE email = 'otavio.barbosa@email.com'), '2025-02-09 12:45:00', 'Entregue', 15.00),
((SELECT id FROM clientes WHERE email = 'bernardo.farias@email.com'), '2025-02-10 20:15:00', 'Entregue', 39.00),
((SELECT id FROM clientes WHERE email = 'claudia.borges@email.com'), '2025-02-11 13:00:00', 'Em andamento', 30.00),
((SELECT id FROM clientes WHERE email = 'daniel.moura@email.com'), '2025-02-12 17:30:00', 'Entregue', 35.00),
((SELECT id FROM clientes WHERE email = 'elisa.vargas@email.com'), '2025-02-13 19:45:00', 'Pendente', 14.00),
((SELECT id FROM clientes WHERE email = 'fabio.cunha@email.com'), '2025-02-14 15:15:00', 'Entregue', 32.00),
((SELECT id FROM clientes WHERE email = 'patricia.nunes@email.com'), '2025-02-15 21:30:00', 'Entregue', 15.00),
((SELECT id FROM clientes WHERE email = 'rafael.cardoso@email.com'), '2025-02-16 12:00:00', 'Cancelado', 8.00),
((SELECT id FROM clientes WHERE email = 'sofia.martins@email.com'), '2025-02-17 18:30:00', 'Entregue', 17.00),
((SELECT id FROM clientes WHERE email = 'thiago.lopes@email.com'), '2025-02-18 14:45:00', 'Pendente', 12.00),
((SELECT id FROM clientes WHERE email = 'vanessa.castro@email.com'), '2025-02-19 20:00:00', 'Entregue', 15.00),
((SELECT id FROM clientes WHERE email = 'gisele.pires@email.com'), '2025-02-20 13:30:00', 'Entregue', 35.00),
((SELECT id FROM clientes WHERE email = 'hugo.moreira@email.com'), '2025-02-21 19:15:00', 'Em andamento', 25.00),
((SELECT id FROM clientes WHERE email = 'ingrid.santana@email.com'), '2025-02-22 17:00:00', 'Entregue', 50.00),
((SELECT id FROM clientes WHERE email = 'jonas.cavalcanti@email.com'), '2025-02-23 21:45:00', 'Pendente', 15.00),
((SELECT id FROM clientes WHERE email = 'larissa.ramos@email.com'), '2025-02-24 12:15:00', 'Entregue', 30.00),
((SELECT id FROM clientes WHERE email = 'wagner.teixeira@email.com'), '2025-02-25 18:30:00', 'Entregue', 12.00),
((SELECT id FROM clientes WHERE email = 'ximena.duarte@email.com'), '2025-02-26 14:00:00', 'Cancelado', 8.00),
((SELECT id FROM clientes WHERE email = 'yasmin.azevedo@email.com'), '2025-02-27 20:15:00', 'Entregue', 15.00),
((SELECT id FROM clientes WHERE email = 'ze.carlos@email.com'), '2025-02-28 16:45:00', 'Pendente', 22.00),
((SELECT id FROM clientes WHERE email = 'amanda.reis@email.com'), '2025-03-01 19:00:00', 'Entregue', 8.00),
((SELECT id FROM clientes WHERE email = 'marcelo.vieira@email.com'), '2025-03-02 13:15:00', 'Entregue', 38.00),
((SELECT id FROM clientes WHERE email = 'nadia.torres@email.com'), '2025-03-03 21:30:00', 'Em andamento', 28.00),
((SELECT id FROM clientes WHERE email = 'olavo.lima@email.com'), '2025-03-04 17:45:00', 'Entregue', 18.00),
((SELECT id FROM clientes WHERE email = 'priscila.braga@email.com'), '2025-03-05 12:30:00', 'Pendente', 17.00),
((SELECT id FROM clientes WHERE email = 'renato.freire@email.com'), '2025-03-06 19:15:00', 'Entregue', 28.00),
((SELECT id FROM clientes WHERE email = 'bernardo.farias@email.com'), '2025-03-07 14:45:00', 'Entregue', 10.00),
((SELECT id FROM clientes WHERE email = 'claudia.borges@email.com'), '2025-03-08 20:00:00', 'Cancelado', 12.00),
((SELECT id FROM clientes WHERE email = 'daniel.moura@email.com'), '2025-03-09 16:30:00', 'Entregue', 18.00),
((SELECT id FROM clientes WHERE email = 'elisa.vargas@email.com'), '2025-03-10 18:45:00', 'Pendente', 25.00),
((SELECT id FROM clientes WHERE email = 'fabio.cunha@email.com'), '2025-03-11 12:00:00', 'Entregue', 10.00),
((SELECT id FROM clientes WHERE email = 'sabrina.melo@email.com'), '2025-01-01 19:30:00', 'Entregue', 42.00),
((SELECT id FROM clientes WHERE email = 'tulio.nogueira@email.com'), '2025-01-02 13:15:00', 'Em andamento', 32.00),
((SELECT id FROM clientes WHERE email = 'ursula.peixoto@email.com'), '2025-01-03 21:00:00', 'Entregue', 22.00),
((SELECT id FROM clientes WHERE email = 'vinicius.leite@email.com'), '2025-01-04 17:45:00', 'Pendente', 12.00),
((SELECT id FROM clientes WHERE email = 'wendy.matos@email.com'), '2025-01-05 14:30:00', 'Entregue', 35.00),
((SELECT id FROM clientes WHERE email = 'gisele.pires@email.com'), '2025-01-06 20:15:00', 'Entregue', 18.00),
((SELECT id FROM clientes WHERE email = 'hugo.moreira@email.com'), '2025-01-07 12:45:00', 'Cancelado', 3.00),
((SELECT id FROM clientes WHERE email = 'ingrid.santana@email.com'), '2025-01-08 18:00:00', 'Entregue', 20.00),
((SELECT id FROM clientes WHERE email = 'jonas.cavalcanti@email.com'), '2025-01-09 16:30:00', 'Pendente', 18.00),
((SELECT id FROM clientes WHERE email = 'larissa.ramos@email.com'), '2025-01-10 19:45:00', 'Entregue', 12.00),
((SELECT id FROM clientes WHERE email = 'xavier.correia@email.com'), '2025-01-11 13:00:00', 'Entregue', 40.00),
((SELECT id FROM clientes WHERE email = 'yuri.brandao@email.com'), '2025-01-12 21:15:00', 'Em andamento', 27.00),
((SELECT id FROM clientes WHERE email = 'zilda.fernandes@email.com'), '2025-01-13 17:30:00', 'Entregue', 20.00),
((SELECT id FROM clientes WHERE email = 'andre.guedes@email.com'), '2025-01-14 12:15:00', 'Pendente', 10.00),
((SELECT id FROM clientes WHERE email = 'beatriz.lins@email.com'), '2025-01-15 18:45:00', 'Entregue', 27.00),
((SELECT id FROM clientes WHERE email = 'marcelo.vieira@email.com'), '2025-01-16 14:30:00', 'Entregue', 14.00),
((SELECT id FROM clientes WHERE email = 'nadia.torres@email.com'), '2025-01-17 20:00:00', 'Cancelado', 7.00),
((SELECT id FROM clientes WHERE email = 'olavo.lima@email.com'), '2025-01-18 16:15:00', 'Entregue', 14.00),
((SELECT id FROM clientes WHERE email = 'priscila.braga@email.com'), '2025-01-19 19:30:00', 'Pendente', 15.00),
((SELECT id FROM clientes WHERE email = 'renato.freire@email.com'), '2025-01-20 13:45:00', 'Entregue', 15.00),
((SELECT id FROM clientes WHERE email = 'sabrina.melo@email.com'), '2025-01-21 21:00:00', 'Entregue', 39.00),
((SELECT id FROM clientes WHERE email = 'tulio.nogueira@email.com'), '2025-01-22 17:15:00', 'Em andamento', 30.00),
((SELECT id FROM clientes WHERE email = 'ursula.peixoto@email.com'), '2025-01-23 12:30:00', 'Entregue', 35.00),
((SELECT id FROM clientes WHERE email = 'vinicius.leite@email.com'), '2025-01-24 18:00:00', 'Pendente', 14.00),
((SELECT id FROM clientes WHERE email = 'wendy.matos@email.com'), '2025-01-25 14:45:00', 'Entregue', 32.00),
((SELECT id FROM clientes WHERE email = 'xavier.correia@email.com'), '2025-01-26 19:15:00', 'Entregue', 15.00),
((SELECT id FROM clientes WHERE email = 'yuri.brandao@email.com'), '2025-01-27 21:30:00', 'Cancelado', 8.00),
((SELECT id FROM clientes WHERE email = 'zilda.fernandes@email.com'), '2025-01-28 16:00:00', 'Entregue', 17.00),
((SELECT id FROM clientes WHERE email = 'andre.guedes@email.com'), '2025-01-29 12:15:00', 'Pendente', 12.00),
((SELECT id FROM clientes WHERE email = 'beatriz.lins@email.com'), '2025-01-30 18:30:00', 'Entregue', 15.00),
((SELECT id FROM clientes WHERE email = 'ana.paula@email.com'), '2025-01-31 13:00:00', 'Entregue', 38.00),
((SELECT id FROM clientes WHERE email = 'bruno.oliveira@email.com'), '2025-02-01 19:45:00', 'Em andamento', 28.00),
((SELECT id FROM clientes WHERE email = 'carla.souza@email.com'), '2025-02-02 21:15:00', 'Entregue', 18.00),
((SELECT id FROM clientes WHERE email = 'diego.santos@email.com'), '2025-02-03 17:30:00', 'Pendente', 17.00),
((SELECT id FROM clientes WHERE email = 'eduarda.lima@email.com'), '2025-02-04 12:45:00', 'Entregue', 28.00),
((SELECT id FROM clientes WHERE email = 'felipe.almeida@email.com'), '2025-02-05 18:15:00', 'Entregue', 10.00),
((SELECT id FROM clientes WHERE email = 'gabriela.costa@email.com'), '2025-02-06 14:30:00', 'Cancelado', 12.00),
((SELECT id FROM clientes WHERE email = 'henrique.pereira@email.com'), '2025-02-07 20:00:00', 'Entregue', 18.00),
((SELECT id FROM clientes WHERE email = 'isabela.ferreira@email.com'), '2025-02-08 16:45:00', 'Pendente', 25.00),
((SELECT id FROM clientes WHERE email = 'joao.pedro@email.com'), '2025-02-09 19:15:00', 'Entregue', 10.00),
((SELECT id FROM clientes WHERE email = 'karla.mendes@email.com'), '2025-02-10 13:30:00', 'Entregue', 42.00),
((SELECT id FROM clientes WHERE email = 'lucas.ribeiro@email.com'), '2025-02-11 21:00:00', 'Em andamento', 32.00),
((SELECT id FROM clientes WHERE email = 'mariana.dias@email.com'), '2025-02-12 17:45:00', 'Entregue', 22.00),
((SELECT id FROM clientes WHERE email = 'natalia.gomes@email.com'), '2025-02-13 12:15:00', 'Pendente', 12.00),
((SELECT id FROM clientes WHERE email = 'otavio.barbosa@email.com'), '2025-02-14 18:30:00', 'Entregue', 35.00),
((SELECT id FROM clientes WHERE email = 'patricia.nunes@email.com'), '2025-02-15 14:00:00', 'Entregue', 18.00),
((SELECT id FROM clientes WHERE email = 'rafael.cardoso@email.com'), '2025-02-16 19:15:00', 'Cancelado', 3.00),
((SELECT id FROM clientes WHERE email = 'sofia.martins@email.com'), '2025-02-17 21:30:00', 'Entregue', 20.00),
((SELECT id FROM clientes WHERE email = 'thiago.lopes@email.com'), '2025-02-18 16:15:00', 'Pendente', 18.00),
((SELECT id FROM clientes WHERE email = 'vanessa.castro@email.com'), '2025-02-19 12:45:00', 'Entregue', 12.00),
((SELECT id FROM clientes WHERE email = 'wagner.teixeira@email.com'), '2025-02-20 18:00:00', 'Entregue', 40.00),
((SELECT id FROM clientes WHERE email = 'ximena.duarte@email.com'), '2025-02-21 14:30:00', 'Em andamento', 27.00),
((SELECT id FROM clientes WHERE email = 'yasmin.azevedo@email.com'), '2025-02-22 19:45:00', 'Entregue', 20.00),
((SELECT id FROM clientes WHERE email = 'ze.carlos@email.com'), '2025-02-23 21:15:00', 'Pendente', 10.00),
((SELECT id FROM clientes WHERE email = 'amanda.reis@email.com'), '2025-02-24 17:00:00', 'Entregue', 27.00),
((SELECT id FROM clientes WHERE email = 'bernardo.farias@email.com'), '2025-02-25 13:15:00', 'Entregue', 14.00),
((SELECT id FROM clientes WHERE email = 'claudia.borges@email.com'), '2025-02-26 18:30:00', 'Cancelado', 7.00),
((SELECT id FROM clientes WHERE email = 'daniel.moura@email.com'), '2025-02-27 20:00:00', 'Entregue', 14.00),
((SELECT id FROM clientes WHERE email = 'elisa.vargas@email.com'), '2025-02-28 16:45:00', 'Pendente', 15.00),
((SELECT id FROM clientes WHERE email = 'fabio.cunha@email.com'), '2025-03-01 12:15:00', 'Entregue', 15.00),
((SELECT id FROM clientes WHERE email = 'gisele.pires@email.com'), '2025-03-02 18:00:00', 'Entregue', 39.00),
((SELECT id FROM clientes WHERE email = 'hugo.moreira@email.com'), '2025-03-03 14:30:00', 'Em andamento', 30.00),
((SELECT id FROM clientes WHERE email = 'ingrid.santana@email.com'), '2025-03-04 19:15:00', 'Entregue', 35.00),
((SELECT id FROM clientes WHERE email = 'jonas.cavalcanti@email.com'), '2025-03-05 21:30:00', 'Pendente', 14.00),
((SELECT id FROM clientes WHERE email = 'larissa.ramos@email.com'), '2025-03-06 16:00:00', 'Entregue', 32.00),
((SELECT id FROM clientes WHERE email = 'marcelo.vieira@email.com'), '2025-03-07 12:45:00', 'Entregue', 15.00),
((SELECT id FROM clientes WHERE email = 'nadia.torres@email.com'), '2025-03-08 18:15:00', 'Cancelado', 8.00),
((SELECT id FROM clientes WHERE email = 'olavo.lima@email.com'), '2025-03-09 14:00:00', 'Entregue', 17.00),
((SELECT id FROM clientes WHERE email = 'priscila.braga@email.com'), '2025-03-10 19:30:00', 'Pendente', 12.00),
((SELECT id FROM clientes WHERE email = 'renato.freire@email.com'), '2025-03-11 21:00:00', 'Entregue', 15.00);

INSERT INTO items (pedido_id, produto_id, quantidade) VALUES
(1, (SELECT id FROM produtos WHERE nome = 'Pizza Margherita'), 1),
(1, (SELECT id FROM produtos WHERE nome = 'Guaraná Antarctica 900ml'), 2),
(1, (SELECT id FROM produtos WHERE nome = 'Batata Frita 300g'), 1),
(1, (SELECT id FROM produtos WHERE nome = 'Bolo de Chocolate'), 1),
(1, (SELECT id FROM produtos WHERE nome = 'Nuggets 10un'), 1),
(2, (SELECT id FROM produtos WHERE nome = 'Pizza Calabresa'), 1),
(2, (SELECT id FROM produtos WHERE nome = 'Coca-Cola 2L'), 1),
(2, (SELECT id FROM produtos WHERE nome = 'Hambúrguer Clássico'), 1),
-- Pedido 3 (4 itens)
(3, (SELECT id FROM produtos WHERE nome = 'Pizza Quatro Queijos'), 1),
(3, (SELECT id FROM produtos WHERE nome = 'Suco de Laranja 1L'), 1),
(3, (SELECT id FROM produtos WHERE nome = 'Onion Rings 200g'), 1),
(3, (SELECT id FROM produtos WHERE nome = 'Torta de Limão'), 1),
-- Pedido 4 (2 itens)
(4, (SELECT id FROM produtos WHERE nome = 'Hambúrguer Duplo'), 1),
(4, (SELECT id FROM produtos WHERE nome = 'Cerveja Brahma 350ml'), 2),
-- Pedido 5 (3 itens)
(5, (SELECT id FROM produtos WHERE nome = 'Pizza Pepperoni'), 1),
(5, (SELECT id FROM produtos WHERE nome = 'Polenta Frita 250g'), 1),
(5, (SELECT id FROM produtos WHERE nome = 'Pudim de Leite'), 1),
-- Pedido 6 (2 itens)
(6, (SELECT id FROM produtos WHERE nome = 'Hambúrguer Bacon'), 1),
(6, (SELECT id FROM produtos WHERE nome = 'Água Mineral 500ml'), 2),
-- Pedido 7 (4 itens)
(7, (SELECT id FROM produtos WHERE nome = 'Combo Sushi 20 Peças'), 1),
(7, (SELECT id FROM produtos WHERE nome = 'Temaki Salmão'), 1),
(7, (SELECT id FROM produtos WHERE nome = 'Suco de Laranja 1L'), 1),
(7, (SELECT id FROM produtos WHERE nome = 'Salada Caesar'), 1),
-- Pedido 8 (3 itens)
(8, (SELECT id FROM produtos WHERE nome = 'Hambúrguer Vegano'), 1),
(8, (SELECT id FROM produtos WHERE nome = 'Guaraná Antarctica 900ml'), 2),
(8, (SELECT id FROM produtos WHERE nome = 'Brigadeiro Gourmet'), 1),
-- Pedido 9 (5 itens)
(9, (SELECT id FROM produtos WHERE nome = 'Pizza Frango com Catupiry'), 1),
(9, (SELECT id FROM produtos WHERE nome = 'Coca-Cola 2L'), 1),
(9, (SELECT id FROM produtos WHERE nome = 'Batata Frita 300g'), 1),
(9, (SELECT id FROM produtos WHERE nome = 'Sorvete 500ml'), 1),
(9, (SELECT id FROM produtos WHERE nome = 'Nuggets 10un'), 1),
-- Pedido 10 (2 itens)
(10, (SELECT id FROM produtos WHERE nome = 'X-Burguer'), 1),
(10, (SELECT id FROM produtos WHERE nome = 'Cerveja Brahma 350ml'), 2),
-- Pedido 11 (4 itens)
(11, (SELECT id FROM produtos WHERE nome = 'Uramaki Filadélfia'), 1),
(11, (SELECT id FROM produtos WHERE nome = 'Hot Roll'), 1),
(11, (SELECT id FROM produtos WHERE nome = 'Água Mineral 500ml'), 2),
(11, (SELECT id FROM produtos WHERE nome = 'Torta de Limão'), 1),
-- Pedido 12 (3 itens)
(12, (SELECT id FROM produtos WHERE nome = 'Bife à Parmegiana'), 1),
(12, (SELECT id FROM produtos WHERE nome = 'Guaraná Antarctica 900ml'), 1),
(12, (SELECT id FROM produtos WHERE nome = 'Pudim de Leite'), 1),
-- Pedido 13 (2 itens)
(13, (SELECT id FROM produtos WHERE nome = 'Strogonoff de Frango'), 1),
(13, (SELECT id FROM produtos WHERE nome = 'Coca-Cola 2L'), 1),
-- Pedido 14 (3 itens)
(14, (SELECT id FROM produtos WHERE nome = 'Hambúrguer BBQ'), 1),
(14, (SELECT id FROM produtos WHERE nome = 'Batata Frita 300g'), 1),
(14, (SELECT id FROM produtos WHERE nome = 'Suco de Laranja 1L'), 1),
-- Pedido 15 (5 itens)
(15, (SELECT id FROM produtos WHERE nome = 'Feijoada Completa'), 1),
(15, (SELECT id FROM produtos WHERE nome = 'Cerveja Brahma 350ml'), 2),
(15, (SELECT id FROM produtos WHERE nome = 'Polenta Frita 250g'), 1),
(15, (SELECT id FROM produtos WHERE nome = 'Bolo de Chocolate'), 1),
(15, (SELECT id FROM produtos WHERE nome = 'Salada de Frutas 300g'), 1),
-- Pedido 16 (2 itens)
(16, (SELECT id FROM produtos WHERE nome = 'Pizza Calabresa'), 1),
(16, (SELECT id FROM produtos WHERE nome = 'Guaraná Antarctica 900ml'), 2),
-- Pedido 17 (3 itens)
(17, (SELECT id FROM produtos WHERE nome = 'Hambúrguer Duplo'), 1),
(17, (SELECT id FROM produtos WHERE nome = 'Onion Rings 200g'), 1),
(17, (SELECT id FROM produtos WHERE nome = 'Sorvete 500ml'), 1),
-- Pedido 18 (4 itens)
(18, (SELECT id FROM produtos WHERE nome = 'Pizza Pepperoni'), 1),
(18, (SELECT id FROM produtos WHERE nome = 'Coca-Cola 2L'), 1),
(18, (SELECT id FROM produtos WHERE nome = 'Nuggets 10un'), 1),
(18, (SELECT id FROM produtos WHERE nome = 'Brigadeiro Gourmet'), 1),
-- Pedido 19 (2 itens)
(19, (SELECT id FROM produtos WHERE nome = 'Filé de Peixe'), 1),
(19, (SELECT id FROM produtos WHERE nome = 'Água Mineral 500ml'), 2),
-- Pedido 20 (3 itens)
(20, (SELECT id FROM produtos WHERE nome = 'X-Salada'), 1),
(20, (SELECT id FROM produtos WHERE nome = 'Suco de Laranja 1L'), 1),
(20, (SELECT id FROM produtos WHERE nome = 'Torta de Limão'), 1),
-- Pedido 21 (5 itens)
(21, (SELECT id FROM produtos WHERE nome = 'Combo Sushi 20 Peças'), 1),
(21, (SELECT id FROM produtos WHERE nome = 'Sashimi Misto 10 Peças'), 1),
(21, (SELECT id FROM produtos WHERE nome = 'Cerveja Brahma 350ml'), 2),
(21, (SELECT id FROM produtos WHERE nome = 'Mac and Cheese 200g'), 1),
(21, (SELECT id FROM produtos WHERE nome = 'Pudim de Leite'), 1),
-- Pedido 22 (2 itens)
(22, (SELECT id FROM produtos WHERE nome = 'Pizza Margherita'), 1),
(22, (SELECT id FROM produtos WHERE nome = 'Guaraná Antarctica 900ml'), 2),
-- Pedido 23 (3 itens)
(23, (SELECT id FROM produtos WHERE nome = 'Hambúrguer Vegano'), 1),
(23, (SELECT id FROM produtos WHERE nome = 'Batata Frita 300g'), 1),
(23, (SELECT id FROM produtos WHERE nome = 'Bolo de Chocolate'), 1),
-- Pedido 24 (4 itens)
(24, (SELECT id FROM produtos WHERE nome = 'Pizza Quatro Queijos'), 1),
(24, (SELECT id FROM produtos WHERE nome = 'Coca-Cola 2L'), 1),
(24, (SELECT id FROM produtos WHERE nome = 'Nuggets 10un'), 1),
(24, (SELECT id FROM produtos WHERE nome = 'Salada Caesar'), 1),
-- Pedido 25 (2 itens)
(25, (SELECT id FROM produtos WHERE nome = 'Picadinho de Carne'), 1),
(25, (SELECT id FROM produtos WHERE nome = 'Suco de Laranja 1L'), 1),
-- Pedido 26 (3 itens)
(26, (SELECT id FROM produtos WHERE nome = 'Hambúrguer BBQ'), 1),
(26, (SELECT id FROM produtos WHERE nome = 'Onion Rings 200g'), 1),
(26, (SELECT id FROM produtos WHERE nome = 'Sorvete 500ml'), 1),
-- Pedido 27 (2 itens)
(27, (SELECT id FROM produtos WHERE nome = 'Pizza Frango com Catupiry'), 1),
(27, (SELECT id FROM produtos WHERE nome = 'Cerveja Brahma 350ml'), 2),
-- Pedido 28 (4 itens)
(28, (SELECT id FROM produtos WHERE nome = 'Hambúrguer Bacon'), 1),
(28, (SELECT id FROM produtos WHERE nome = 'Guaraná Antarctica 900ml'), 2),
(28, (SELECT id FROM produtos WHERE nome = 'Polenta Frita 250g'), 1),
(28, (SELECT id FROM produtos WHERE nome = 'Torta de Limão'), 1),
-- Pedido 29 (3 itens)
(29, (SELECT id FROM produtos WHERE nome = 'Temaki Salmão'), 1),
(29, (SELECT id FROM produtos WHERE nome = 'Água Mineral 500ml'), 2),
(29, (SELECT id FROM produtos WHERE nome = 'Brigadeiro Gourmet'), 1),
-- Pedido 30 (2 itens)
(30, (SELECT id FROM produtos WHERE nome = 'X-Burguer'), 1),
(30, (SELECT id FROM produtos WHERE nome = 'Coca-Cola 2L'), 1),
-- Pedido 31 (5 itens)
(31, (SELECT id FROM produtos WHERE nome = 'Pizza Calabresa'), 1),
(31, (SELECT id FROM produtos WHERE nome = 'Suco de Laranja 1L'), 1),
(31, (SELECT id FROM produtos WHERE nome = 'Batata Frita 300g'), 1),
(31, (SELECT id FROM produtos WHERE nome = 'Bolo de Chocolate'), 1),
(31, (SELECT id FROM produtos WHERE nome = 'Nuggets 10un'), 1),
-- Pedido 32 (2 itens)
(32, (SELECT id FROM produtos WHERE nome = 'Hambúrguer Clássico'), 1),
(32, (SELECT id FROM produtos WHERE nome = 'Guaraná Antarctica 900ml'), 2),
-- Pedido 33 (3 itens)
(33, (SELECT id FROM produtos WHERE nome = 'Uramaki Filadélfia'), 1),
(33, (SELECT id FROM produtos WHERE nome = 'Cerveja Brahma 350ml'), 2),
(33, (SELECT id FROM produtos WHERE nome = 'Pudim de Leite'), 1),
-- Pedido 34 (4 itens)
(34, (SELECT id FROM produtos WHERE nome = 'Pizza Pepperoni'), 1),
(34, (SELECT id FROM produtos WHERE nome = 'Coca-Cola 2L'), 1),
(34, (SELECT id FROM produtos WHERE nome = 'Onion Rings 200g'), 1),
(34, (SELECT id FROM produtos WHERE nome = 'Sorvete 500ml'), 1),
-- Pedido 35 (2 itens)
(35, (SELECT id FROM produtos WHERE nome = 'Strogonoff de Frango'), 1),
(35, (SELECT id FROM produtos WHERE nome = 'Água Mineral 500ml'), 2),
-- Pedido 36 (3 itens)
(36, (SELECT id FROM produtos WHERE nome = 'Hambúrguer Duplo'), 1),
(36, (SELECT id FROM produtos WHERE nome = 'Batata Frita 300g'), 1),
(36, (SELECT id FROM produtos WHERE nome = 'Torta de Limão'), 1),
-- Pedido 37 (2 itens)
(37, (SELECT id FROM produtos WHERE nome = 'Pizza Quatro Queijos'), 1),
(37, (SELECT id FROM produtos WHERE nome = 'Suco de Laranja 1L'), 1),
-- Pedido 38 (4 itens)
(38, (SELECT id FROM produtos WHERE nome = 'Combo Sushi 20 Peças'), 1),
(38, (SELECT id FROM produtos WHERE nome = 'Hot Roll'), 1),
(38, (SELECT id FROM produtos WHERE nome = 'Guaraná Antarctica 900ml'), 2),
(38, (SELECT id FROM produtos WHERE nome = 'Brigadeiro Gourmet'), 1),
-- Pedido 39 (3 itens)
(39, (SELECT id FROM produtos WHERE nome = 'X-Salada'), 1),
(39, (SELECT id FROM produtos WHERE nome = 'Cerveja Brahma 350ml'), 2),
(39, (SELECT id FROM produtos WHERE nome = 'Nuggets 10un'), 1),
-- Pedido 40 (2 itens)
(40, (SELECT id FROM produtos WHERE nome = 'Filé de Peixe'), 1),
(40, (SELECT id FROM produtos WHERE nome = 'Coca-Cola 2L'), 1),
-- Pedido 41 (5 itens)
(41, (SELECT id FROM produtos WHERE nome = 'Pizza Margherita'), 1),
(41, (SELECT id FROM produtos WHERE nome = 'Suco de Laranja 1L'), 1),
(41, (SELECT id FROM produtos WHERE nome = 'Batata Frita 300g'), 1),
(41, (SELECT id FROM produtos WHERE nome = 'Bolo de Chocolate'), 1),
(41, (SELECT id FROM produtos WHERE nome = 'Salada Caesar'), 1),
-- Pedido 42 (2 itens)
(42, (SELECT id FROM produtos WHERE nome = 'Hambúrguer Vegano'), 1),
(42, (SELECT id FROM produtos WHERE nome = 'Guaraná Antarctica 900ml'), 2),
-- Pedido 43 (3 itens)
(43, (SELECT id FROM produtos WHERE nome = 'Temaki Salmão'), 1),
(43, (SELECT id FROM produtos WHERE nome = 'Água Mineral 500ml'), 2),
(43, (SELECT id FROM produtos WHERE nome = 'Pudim de Leite'), 1),
-- Pedido 44 (4 itens)
(44, (SELECT id FROM produtos WHERE nome = 'Pizza Frango com Catupiry'), 1),
(44, (SELECT id FROM produtos WHERE nome = 'Coca-Cola 2L'), 1),
(44, (SELECT id FROM produtos WHERE nome = 'Onion Rings 200g'), 1),
(44, (SELECT id FROM produtos WHERE nome = 'Sorvete 500ml'), 1),
-- Pedido 45 (2 itens)
(45, (SELECT id FROM produtos WHERE nome = 'Bife à Parmegiana'), 1),
(45, (SELECT id FROM produtos WHERE nome = 'Cerveja Brahma 350ml'), 2),
-- Pedido 46 (3 itens)
(46, (SELECT id FROM produtos WHERE nome = 'Hambúrguer BBQ'), 1),
(46, (SELECT id FROM produtos WHERE nome = 'Batata Frita 300g'), 1),
(46, (SELECT id FROM produtos WHERE nome = 'Torta de Limão'), 1),
-- Pedido 47 (2 itens)
(47, (SELECT id FROM produtos WHERE nome = 'Pizza Calabresa'), 1),
(47, (SELECT id FROM produtos WHERE nome = 'Suco de Laranja 1L'), 1),
-- Pedido 48 (4 itens)
(48, (SELECT id FROM produtos WHERE nome = 'Hambúrguer Bacon'), 1),
(48, (SELECT id FROM produtos WHERE nome = 'Guaraná Antarctica 900ml'), 2),
(48, (SELECT id FROM produtos WHERE nome = 'Nuggets 10un'), 1),
(48, (SELECT id FROM produtos WHERE nome = 'Brigadeiro Gourmet'), 1),
-- Pedido 49 (3 itens)
(49, (SELECT id FROM produtos WHERE nome = 'X-Burguer'), 1),
(49, (SELECT id FROM produtos WHERE nome = 'Coca-Cola 2L'), 1),
(49, (SELECT id FROM produtos WHERE nome = 'Polenta Frita 250g'), 1),
-- Pedido 50 (2 itens)
(50, (SELECT id FROM produtos WHERE nome = 'Feijoada Completa'), 1),
(50, (SELECT id FROM produtos WHERE nome = 'Cerveja Brahma 350ml'), 2),
-- Pedido 51 (5 itens)
(51, (SELECT id FROM produtos WHERE nome = 'Pizza Pepperoni'), 1),
(51, (SELECT id FROM produtos WHERE nome = 'Suco de Laranja 1L'), 1),
(51, (SELECT id FROM produtos WHERE nome = 'Batata Frita 300g'), 1),
(51, (SELECT id FROM produtos WHERE nome = 'Bolo de Chocolate'), 1),
(51, (SELECT id FROM produtos WHERE nome = 'Salada Caesar'), 1),
-- Pedido 52 (2 itens)
(52, (SELECT id FROM produtos WHERE nome = 'Hambúrguer Clássico'), 1),
(52, (SELECT id FROM produtos WHERE nome = 'Guaraná Antarctica 900ml'), 2),
-- Pedido 53 (3 itens)
(53, (SELECT id FROM produtos WHERE nome = 'Uramaki Filadélfia'), 1),
(53, (SELECT id FROM produtos WHERE nome = 'Água Mineral 500ml'), 2),
(53, (SELECT id FROM produtos WHERE nome = 'Torta de Limão'), 1),
-- Pedido 54 (4 itens)
(54, (SELECT id FROM produtos WHERE nome = 'Pizza Quatro Queijos'), 1),
(54, (SELECT id FROM produtos WHERE nome = 'Coca-Cola 2L'), 1),
(54, (SELECT id FROM produtos WHERE nome = 'Onion Rings 200g'), 1),
(54, (SELECT id FROM produtos WHERE nome = 'Sorvete 500ml'), 1),
-- Pedido 55 (2 itens)
(55, (SELECT id FROM produtos WHERE nome = 'Strogonoff de Frango'), 1),
(55, (SELECT id FROM produtos WHERE nome = 'Cerveja Brahma 350ml'), 2),
-- Pedido 56 (3 itens)
(56, (SELECT id FROM produtos WHERE nome = 'Hambúrguer Duplo'), 1),
(56, (SELECT id FROM produtos WHERE nome = 'Batata Frita 300g'), 1),
(56, (SELECT id FROM produtos WHERE nome = 'Pudim de Leite'), 1),
-- Pedido 57 (2 itens)
(57, (SELECT id FROM produtos WHERE nome = 'Pizza Frango com Catupiry'), 1),
(57, (SELECT id FROM produtos WHERE nome = 'Suco de Laranja 1L'), 1),
-- Pedido 58 (4 itens)
(58, (SELECT id FROM produtos WHERE nome = 'Hambúrguer Vegano'), 1),
(58, (SELECT id FROM produtos WHERE nome = 'Guaraná Antarctica 900ml'), 2),
(58, (SELECT id FROM produtos WHERE nome = 'Nuggets 10un'), 1),
(58, (SELECT id FROM produtos WHERE nome = 'Brigadeiro Gourmet'), 1),
-- Pedido 59 (3 itens)
(59, (SELECT id FROM produtos WHERE nome = 'X-Salada'), 1),
(59, (SELECT id FROM produtos WHERE nome = 'Coca-Cola 2L'), 1),
(59, (SELECT id FROM produtos WHERE nome = 'Polenta Frita 250g'), 1),
-- Pedido 60 (2 itens)
(60, (SELECT id FROM produtos WHERE nome = 'Filé de Peixe'), 1),
(60, (SELECT id FROM produtos WHERE nome = 'Água Mineral 500ml'), 2),
-- Pedido 61 (5 itens)
(61, (SELECT id FROM produtos WHERE nome = 'Pizza Calabresa'), 1),
(61, (SELECT id FROM produtos WHERE nome = 'Suco de Laranja 1L'), 1),
(61, (SELECT id FROM produtos WHERE nome = 'Batata Frita 300g'), 1),
(61, (SELECT id FROM produtos WHERE nome = 'Bolo de Chocolate'), 1),
(61, (SELECT id FROM produtos WHERE nome = 'Salada Caesar'), 1),
-- Pedido 62 (2 itens)
(62, (SELECT id FROM produtos WHERE nome = 'Hambúrguer Bacon'), 1),
(62, (SELECT id FROM produtos WHERE nome = 'Guaraná Antarctica 900ml'), 2),
-- Pedido 63 (3 itens)
(63, (SELECT id FROM produtos WHERE nome = 'Temaki Salmão'), 1),
(63, (SELECT id FROM produtos WHERE nome = 'Cerveja Brahma 350ml'), 2),
(63, (SELECT id FROM produtos WHERE nome = 'Torta de Limão'), 1),
-- Pedido 64 (4 itens)
(64, (SELECT id FROM produtos WHERE nome = 'Pizza Pepperoni'), 1),
(64, (SELECT id FROM produtos WHERE nome = 'Coca-Cola 2L'), 1),
(64, (SELECT id FROM produtos WHERE nome = 'Onion Rings 200g'), 1),
(64, (SELECT id FROM produtos WHERE nome = 'Sorvete 500ml'), 1),
-- Pedido 65 (2 itens)
(65, (SELECT id FROM produtos WHERE nome = 'Bife à Parmegiana'), 1),
(65, (SELECT id FROM produtos WHERE nome = 'Água Mineral 500ml'), 2),
-- Pedido 66 (3 itens)
(66, (SELECT id FROM produtos WHERE nome = 'Hambúrguer BBQ'), 1),
(66, (SELECT id FROM produtos WHERE nome = 'Batata Frita 300g'), 1),
(66, (SELECT id FROM produtos WHERE nome = 'Pudim de Leite'), 1),
-- Pedido 67 (2 itens)
(67, (SELECT id FROM produtos WHERE nome = 'Pizza Quatro Queijos'), 1),
(67, (SELECT id FROM produtos WHERE nome = 'Suco de Laranja 1L'), 1),
-- Pedido 68 (4 itens)
(68, (SELECT id FROM produtos WHERE nome = 'Hambúrguer Clássico'), 1),
(68, (SELECT id FROM produtos WHERE nome = 'Guaraná Antarctica 900ml'), 2),
(68, (SELECT id FROM produtos WHERE nome = 'Nuggets 10un'), 1),
(68, (SELECT id FROM produtos WHERE nome = 'Brigadeiro Gourmet'), 1),
-- Pedido 69 (3 itens)
(69, (SELECT id FROM produtos WHERE nome = 'X-Burguer'), 1),
(69, (SELECT id FROM produtos WHERE nome = 'Coca-Cola 2L'), 1),
(69, (SELECT id FROM produtos WHERE nome = 'Polenta Frita 250g'), 1),
-- Pedido 70 (2 itens)
(70, (SELECT id FROM produtos WHERE nome = 'Feijoada Completa'), 1),
(70, (SELECT id FROM produtos WHERE nome = 'Cerveja Brahma 350ml'), 2),
-- Pedido 71 (5 itens)
(71, (SELECT id FROM produtos WHERE nome = 'Pizza Frango com Catupiry'), 1),
(71, (SELECT id FROM produtos WHERE nome = 'Suco de Laranja 1L'), 1),
(71, (SELECT id FROM produtos WHERE nome = 'Batata Frita 300g'), 1),
(71, (SELECT id FROM produtos WHERE nome = 'Bolo de Chocolate'), 1),
(71, (SELECT id FROM produtos WHERE nome = 'Salada Caesar'), 1),
-- Pedido 72 (2 itens)
(72, (SELECT id FROM produtos WHERE nome = 'Hambúrguer Vegano'), 1),
(72, (SELECT id FROM produtos WHERE nome = 'Guaraná Antarctica 900ml'), 2),
-- Pedido 73 (3 itens)
(73, (SELECT id FROM produtos WHERE nome = 'Uramaki Filadélfia'), 1),
(73, (SELECT id FROM produtos WHERE nome = 'Água Mineral 500ml'), 2),
(73, (SELECT id FROM produtos WHERE nome = 'Torta de Limão'), 1),
-- Pedido 74 (4 itens)
(74, (SELECT id FROM produtos WHERE nome = 'Pizza Pepperoni'), 1),
(74, (SELECT id FROM produtos WHERE nome = 'Coca-Cola 2L'), 1),
(74, (SELECT id FROM produtos WHERE nome = 'Onion Rings 200g'), 1),
(74, (SELECT id FROM produtos WHERE nome = 'Sorvete 500ml'), 1),
-- Pedido 75 (2 itens)
(75, (SELECT id FROM produtos WHERE nome = 'Strogonoff de Frango'), 1),
(75, (SELECT id FROM produtos WHERE nome = 'Cerveja Brahma 350ml'), 2),
-- Pedido 76 (3 itens)
(76, (SELECT id FROM produtos WHERE nome = 'Hambúrguer Duplo'), 1),
(76, (SELECT id FROM produtos WHERE nome = 'Batata Frita 300g'), 1),
(76, (SELECT id FROM produtos WHERE nome = 'Pudim de Leite'), 1),
-- Pedido 77 (2 itens)
(77, (SELECT id FROM produtos WHERE nome = 'Pizza Calabresa'), 1),
(77, (SELECT id FROM produtos WHERE nome = 'Suco de Laranja 1L'), 1),
-- Pedido 78 (4 itens)
(78, (SELECT id FROM produtos WHERE nome = 'Hambúrguer Bacon'), 1),
(78, (SELECT id FROM produtos WHERE nome = 'Guaraná Antarctica 900ml'), 2),
(78, (SELECT id FROM produtos WHERE nome = 'Nuggets 10un'), 1),
(78, (SELECT id FROM produtos WHERE nome = 'Brigadeiro Gourmet'), 1),
-- Pedido 79 (3 itens)
(79, (SELECT id FROM produtos WHERE nome = 'X-Salada'), 1),
(79, (SELECT id FROM produtos WHERE nome = 'Coca-Cola 2L'), 1),
(79, (SELECT id FROM produtos WHERE nome = 'Polenta Frita 250g'), 1),
-- Pedido 80 (2 itens)
(80, (SELECT id FROM produtos WHERE nome = 'Filé de Peixe'), 1),
(80, (SELECT id FROM produtos WHERE nome = 'Água Mineral 500ml'), 2),
-- Pedido 81 (5 itens)
(81, (SELECT id FROM produtos WHERE nome = 'Pizza Quatro Queijos'), 1),
(81, (SELECT id FROM produtos WHERE nome = 'Suco de Laranja 1L'), 1),
(81, (SELECT id FROM produtos WHERE nome = 'Batata Frita 300g'), 1),
(81, (SELECT id FROM produtos WHERE nome = 'Bolo de Chocolate'), 1),
(81, (SELECT id FROM produtos WHERE nome = 'Salada Caesar'), 1),
-- Pedido 82 (2 itens)
(82, (SELECT id FROM produtos WHERE nome = 'Hambúrguer Clássico'), 1),
(82, (SELECT id FROM produtos WHERE nome = 'Guaraná Antarctica 900ml'), 2),
-- Pedido 83 (3 itens)
(83, (SELECT id FROM produtos WHERE nome = 'Temaki Salmão'), 1),
(83, (SELECT id FROM produtos WHERE nome = 'Cerveja Brahma 350ml'), 2),
(83, (SELECT id FROM produtos WHERE nome = 'Torta de Limão'), 1),
-- Pedido 84 (4 itens)
(84, (SELECT id FROM produtos WHERE nome = 'Pizza Frango com Catupiry'), 1),
(84, (SELECT id FROM produtos WHERE nome = 'Coca-Cola 2L'), 1),
(84, (SELECT id FROM produtos WHERE nome = 'Onion Rings 200g'), 1),
(84, (SELECT id FROM produtos WHERE nome = 'Sorvete 500ml'), 1),
-- Pedido 85 (2 itens)
(85, (SELECT id FROM produtos WHERE nome = 'Bife à Parmegiana'), 1),
(85, (SELECT id FROM produtos WHERE nome = 'Água Mineral 500ml'), 2),
-- Pedido 86 (3 itens)
(86, (SELECT id FROM produtos WHERE nome = 'Hambúrguer BBQ'), 1),
(86, (SELECT id FROM produtos WHERE nome = 'Batata Frita 300g'), 1),
(86, (SELECT id FROM produtos WHERE nome = 'Pudim de Leite'), 1),
-- Pedido 87 (2 itens)
(87, (SELECT id FROM produtos WHERE nome = 'Pizza Pepperoni'), 1),
(87, (SELECT id FROM produtos WHERE nome = 'Suco de Laranja 1L'), 1),
-- Pedido 88 (4 itens)
(88, (SELECT id FROM produtos WHERE nome = 'Hambúrguer Vegano'), 1),
(88, (SELECT id FROM produtos WHERE nome = 'Guaraná Antarctica 900ml'), 2),
(88, (SELECT id FROM produtos WHERE nome = 'Nuggets 10un'), 1),
(88, (SELECT id FROM produtos WHERE nome = 'Brigadeiro Gourmet'), 1),
-- Pedido 89 (3 itens)
(89, (SELECT id FROM produtos WHERE nome = 'X-Burguer'), 1),
(89, (SELECT id FROM produtos WHERE nome = 'Coca-Cola 2L'), 1),
(89, (SELECT id FROM produtos WHERE nome = 'Polenta Frita 250g'), 1),
-- Pedido 90 (2 itens)
(90, (SELECT id FROM produtos WHERE nome = 'Feijoada Completa'), 1),
(90, (SELECT id FROM produtos WHERE nome = 'Cerveja Brahma 350ml'), 2),
-- Pedido 91 (5 itens)
(91, (SELECT id FROM produtos WHERE nome = 'Pizza Calabresa'), 1),
(91, (SELECT id FROM produtos WHERE nome = 'Suco de Laranja 1L'), 1),
(91, (SELECT id FROM produtos WHERE nome = 'Batata Frita 300g'), 1),
(91, (SELECT id FROM produtos WHERE nome = 'Bolo de Chocolate'), 1),
(91, (SELECT id FROM produtos WHERE nome = 'Salada Caesar'), 1),
-- Pedido 92 (2 itens)
(92, (SELECT id FROM produtos WHERE nome = 'Hambúrguer Bacon'), 1),
(92, (SELECT id FROM produtos WHERE nome = 'Guaraná Antarctica 900ml'), 2),
-- Pedido 93 (3 itens)
(93, (SELECT id FROM produtos WHERE nome = 'Uramaki Filadélfia'), 1),
(93, (SELECT id FROM produtos WHERE nome = 'Água Mineral 500ml'), 2),
(93, (SELECT id FROM produtos WHERE nome = 'Torta de Limão'), 1),
-- Pedido 94 (4 itens)
(94, (SELECT id FROM produtos WHERE nome = 'Pizza Quatro Queijos'), 1),
(94, (SELECT id FROM produtos WHERE nome = 'Coca-Cola 2L'), 1),
(94, (SELECT id FROM produtos WHERE nome = 'Onion Rings 200g'), 1),
(94, (SELECT id FROM produtos WHERE nome = 'Sorvete 500ml'), 1),
-- Pedido 95 (2 itens)
(95, (SELECT id FROM produtos WHERE nome = 'Strogonoff de Frango'), 1),
(95, (SELECT id FROM produtos WHERE nome = 'Cerveja Brahma 350ml'), 2),
-- Pedido 96 (3 itens)
(96, (SELECT id FROM produtos WHERE nome = 'Hambúrguer Duplo'), 1),
(96, (SELECT id FROM produtos WHERE nome = 'Batata Frita 300g'), 1),
(96, (SELECT id FROM produtos WHERE nome = 'Pudim de Leite'), 1),
-- Pedido 97 (2 itens)
(97, (SELECT id FROM produtos WHERE nome = 'Pizza Frango com Catupiry'), 1),
(97, (SELECT id FROM produtos WHERE nome = 'Suco de Laranja 1L'), 1),
-- Pedido 98 (4 itens)
(98, (SELECT id FROM produtos WHERE nome = 'Hambúrguer Clássico'), 1),
(98, (SELECT id FROM produtos WHERE nome = 'Guaraná Antarctica 900ml'), 2),
(98, (SELECT id FROM produtos WHERE nome = 'Nuggets 10un'), 1),
(98, (SELECT id FROM produtos WHERE nome = 'Brigadeiro Gourmet'), 1),
-- Pedido 99 (3 itens)
(99, (SELECT id FROM produtos WHERE nome = 'X-Salada'), 1),
(99, (SELECT id FROM produtos WHERE nome = 'Coca-Cola 2L'), 1),
(99, (SELECT id FROM produtos WHERE nome = 'Polenta Frita 250g'), 1),
-- Pedido 100 (2 itens)
(100, (SELECT id FROM produtos WHERE nome = 'Filé de Peixe'), 1),
(100, (SELECT id FROM produtos WHERE nome = 'Água Mineral 500ml'), 2),
-- Pedido 101 (5 itens)
(101, (SELECT id FROM produtos WHERE nome = 'Pizza Pepperoni'), 1),
(101, (SELECT id FROM produtos WHERE nome = 'Suco de Laranja 1L'), 1),
(101, (SELECT id FROM produtos WHERE nome = 'Batata Frita 300g'), 1),
(101, (SELECT id FROM produtos WHERE nome = 'Bolo de Chocolate'), 1),
(101, (SELECT id FROM produtos WHERE nome = 'Salada Caesar'), 1),
-- Pedido 102 (2 itens)
(102, (SELECT id FROM produtos WHERE nome = 'Hambúrguer Vegano'), 1),
(102, (SELECT id FROM produtos WHERE nome = 'Guaraná Antarctica 900ml'), 2),
-- Pedido 103 (3 itens)
(103, (SELECT id FROM produtos WHERE nome = 'Temaki Salmão'), 1),
(103, (SELECT id FROM produtos WHERE nome = 'Cerveja Brahma 350ml'), 2),
(103, (SELECT id FROM produtos WHERE nome = 'Torta de Limão'), 1),
-- Pedido 104 (4 itens)
(104, (SELECT id FROM produtos WHERE nome = 'Pizza Calabresa'), 1),
(104, (SELECT id FROM produtos WHERE nome = 'Coca-Cola 2L'), 1),
(104, (SELECT id FROM produtos WHERE nome = 'Onion Rings 200g'), 1),
(104, (SELECT id FROM produtos WHERE nome = 'Sorvete 500ml'), 1),
-- Pedido 105 (2 itens)
(105, (SELECT id FROM produtos WHERE nome = 'Bife à Parmegiana'), 1),
(105, (SELECT id FROM produtos WHERE nome = 'Água Mineral 500ml'), 2),
-- Pedido 106 (3 itens)
(106, (SELECT id FROM produtos WHERE nome = 'Hambúrguer BBQ'), 1),
(106, (SELECT id FROM produtos WHERE nome = 'Batata Frita 300g'), 1),
(106, (SELECT id FROM produtos WHERE nome = 'Pudim de Leite'), 1),
-- Pedido 107 (2 itens)
(107, (SELECT id FROM produtos WHERE nome = 'Pizza Quatro Queijos'), 1),
(107, (SELECT id FROM produtos WHERE nome = 'Suco de Laranja 1L'), 1),
-- Pedido 108 (4 itens)
(108, (SELECT id FROM produtos WHERE nome = 'Hambúrguer Bacon'), 1),
(108, (SELECT id FROM produtos WHERE nome = 'Guaraná Antarctica 900ml'), 2),
(108, (SELECT id FROM produtos WHERE nome = 'Nuggets 10un'), 1),
(108, (SELECT id FROM produtos WHERE nome = 'Brigadeiro Gourmet'), 1),
-- Pedido 109 (3 itens)
(109, (SELECT id FROM produtos WHERE nome = 'X-Burguer'), 1),
(109, (SELECT id FROM produtos WHERE nome = 'Coca-Cola 2L'), 1),
(109, (SELECT id FROM produtos WHERE nome = 'Polenta Frita 250g'), 1),
-- Pedido 110 (2 itens)
(110, (SELECT id FROM produtos WHERE nome = 'Feijoada Completa'), 1),
(110, (SELECT id FROM produtos WHERE nome = 'Cerveja Brahma 350ml'), 2),
-- Pedido 111 (5 itens)
(111, (SELECT id FROM produtos WHERE nome = 'Pizza Frango com Catupiry'), 1),
(111, (SELECT id FROM produtos WHERE nome = 'Suco de Laranja 1L'), 1),
(111, (SELECT id FROM produtos WHERE nome = 'Batata Frita 300g'), 1),
(111, (SELECT id FROM produtos WHERE nome = 'Bolo de Chocolate'), 1),
(111, (SELECT id FROM produtos WHERE nome = 'Salada Caesar'), 1),
-- Pedido 112 (2 itens)
(112, (SELECT id FROM produtos WHERE nome = 'Hambúrguer Clássico'), 1),
(112, (SELECT id FROM produtos WHERE nome = 'Guaraná Antarctica 900ml'), 2),
-- Pedido 113 (3 itens)
(113, (SELECT id FROM produtos WHERE nome = 'Uramaki Filadélfia'), 1),
(113, (SELECT id FROM produtos WHERE nome = 'Água Mineral 500ml'), 2),
(113, (SELECT id FROM produtos WHERE nome = 'Torta de Limão'), 1),
-- Pedido 114 (4 itens)
(114, (SELECT id FROM produtos WHERE nome = 'Pizza Pepperoni'), 1),
(114, (SELECT id FROM produtos WHERE nome = 'Coca-Cola 2L'), 1),
(114, (SELECT id FROM produtos WHERE nome = 'Onion Rings 200g'), 1),
(114, (SELECT id FROM produtos WHERE nome = 'Sorvete 500ml'), 1),
-- Pedido 115 (2 itens)
(115, (SELECT id FROM produtos WHERE nome = 'Strogonoff de Frango'), 1),
(115, (SELECT id FROM produtos WHERE nome = 'Cerveja Brahma 350ml'), 2),
-- Pedido 116 (3 itens)
(116, (SELECT id FROM produtos WHERE nome = 'Hambúrguer Duplo'), 1),
(116, (SELECT id FROM produtos WHERE nome = 'Batata Frita 300g'), 1),
(116, (SELECT id FROM produtos WHERE nome = 'Pudim de Leite'), 1),
-- Pedido 117 (2 itens)
(117, (SELECT id FROM produtos WHERE nome = 'Pizza Calabresa'), 1),
(117, (SELECT id FROM produtos WHERE nome = 'Suco de Laranja 1L'), 1),
-- Pedido 118 (4 itens)
(118, (SELECT id FROM produtos WHERE nome = 'Hambúrguer Vegano'), 1),
(118, (SELECT id FROM produtos WHERE nome = 'Guaraná Antarctica 900ml'), 2),
(118, (SELECT id FROM produtos WHERE nome = 'Nuggets 10un'), 1),
(118, (SELECT id FROM produtos WHERE nome = 'Brigadeiro Gourmet'), 1),
-- Pedido 119 (3 itens)
(119, (SELECT id FROM produtos WHERE nome = 'X-Salada'), 1),
(119, (SELECT id FROM produtos WHERE nome = 'Coca-Cola 2L'), 1),
(119, (SELECT id FROM produtos WHERE nome = 'Polenta Frita 250g'), 1),
-- Pedido 120 (2 itens)
(120, (SELECT id FROM produtos WHERE nome = 'Filé de Peixe'), 1),
(120, (SELECT id FROM produtos WHERE nome = 'Água Mineral 500ml'), 2),
-- Pedido 121 (5 itens)
(121, (SELECT id FROM produtos WHERE nome = 'Pizza Quatro Queijos'), 1),
(121, (SELECT id FROM produtos WHERE nome = 'Suco de Laranja 1L'), 1),
(121, (SELECT id FROM produtos WHERE nome = 'Batata Frita 300g'), 1),
(121, (SELECT id FROM produtos WHERE nome = 'Bolo de Chocolate'), 1),
(121, (SELECT id FROM produtos WHERE nome = 'Salada Caesar'), 1),
-- Pedido 122 (2 itens)
(122, (SELECT id FROM produtos WHERE nome = 'Hambúrguer Bacon'), 1),
(122, (SELECT id FROM produtos WHERE nome = 'Guaraná Antarctica 900ml'), 2),
-- Pedido 123 (3 itens)
(123, (SELECT id FROM produtos WHERE nome = 'Temaki Salmão'), 1),
(123, (SELECT id FROM produtos WHERE nome = 'Cerveja Brahma 350ml'), 2),
(123, (SELECT id FROM produtos WHERE nome = 'Torta de Limão'), 1),
-- Pedido 124 (4 itens)
(124, (SELECT id FROM produtos WHERE nome = 'Pizza Frango com Catupiry'), 1),
(124, (SELECT id FROM produtos WHERE nome = 'Coca-Cola 2L'), 1),
(124, (SELECT id FROM produtos WHERE nome = 'Onion Rings 200g'), 1),
(124, (SELECT id FROM produtos WHERE nome = 'Sorvete 500ml'), 1),
-- Pedido 125 (2 itens)
(125, (SELECT id FROM produtos WHERE nome = 'Bife à Parmegiana'), 1),
(125, (SELECT id FROM produtos WHERE nome = 'Água Mineral 500ml'), 2),
-- Pedido 126 (3 itens)
(126, (SELECT id FROM produtos WHERE nome = 'Hambúrguer BBQ'), 1),
(126, (SELECT id FROM produtos WHERE nome = 'Batata Frita 300g'), 1),
(126, (SELECT id FROM produtos WHERE nome = 'Pudim de Leite'), 1),
-- Pedido 127 (2 itens)
(127, (SELECT id FROM produtos WHERE nome = 'Pizza Pepperoni'), 1),
(127, (SELECT id FROM produtos WHERE nome = 'Suco de Laranja 1L'), 1),
-- Pedido 128 (4 itens)
(128, (SELECT id FROM produtos WHERE nome = 'Hambúrguer Clássico'), 1),
(128, (SELECT id FROM produtos WHERE nome = 'Guaraná Antarctica 900ml'), 2),
(128, (SELECT id FROM produtos WHERE nome = 'Nuggets 10un'), 1),
(128, (SELECT id FROM produtos WHERE nome = 'Brigadeiro Gourmet'), 1),
-- Pedido 129 (3 itens)
(129, (SELECT id FROM produtos WHERE nome = 'X-Burguer'), 1),
(129, (SELECT id FROM produtos WHERE nome = 'Coca-Cola 2L'), 1),
(129, (SELECT id FROM produtos WHERE nome = 'Polenta Frita 250g'), 1),
-- Pedido 130 (2 itens)
(130, (SELECT id FROM produtos WHERE nome = 'Feijoada Completa'), 1),
(130, (SELECT id FROM produtos WHERE nome = 'Cerveja Brahma 350ml'), 2),
-- Pedido 131 (5 itens)
(131, (SELECT id FROM produtos WHERE nome = 'Pizza Calabresa'), 1),
(131, (SELECT id FROM produtos WHERE nome = 'Suco de Laranja 1L'), 1),
(131, (SELECT id FROM produtos WHERE nome = 'Batata Frita 300g'), 1),
(131, (SELECT id FROM produtos WHERE nome = 'Bolo de Chocolate'), 1),
(131, (SELECT id FROM produtos WHERE nome = 'Salada Caesar'), 1),
-- Pedido 132 (2 itens)
(132, (SELECT id FROM produtos WHERE nome = 'Hambúrguer Vegano'), 1),
(132, (SELECT id FROM produtos WHERE nome = 'Guaraná Antarctica 900ml'), 2),
-- Pedido 133 (3 itens)
(133, (SELECT id FROM produtos WHERE nome = 'Uramaki Filadélfia'), 1),
(133, (SELECT id FROM produtos WHERE nome = 'Água Mineral 500ml'), 2),
(133, (SELECT id FROM produtos WHERE nome = 'Torta de Limão'), 1),
-- Pedido 134 (4 itens)
(134, (SELECT id FROM produtos WHERE nome = 'Pizza Quatro Queijos'), 1),
(134, (SELECT id FROM produtos WHERE nome = 'Coca-Cola 2L'), 1),
(134, (SELECT id FROM produtos WHERE nome = 'Onion Rings 200g'), 1),
(134, (SELECT id FROM produtos WHERE nome = 'Sorvete 500ml'), 1),
-- Pedido 135 (2 itens)
(135, (SELECT id FROM produtos WHERE nome = 'Strogonoff de Frango'), 1),
(135, (SELECT id FROM produtos WHERE nome = 'Cerveja Brahma 350ml'), 2),
-- Pedido 136 (3 itens)
(136, (SELECT id FROM produtos WHERE nome = 'Hambúrguer Duplo'), 1),
(136, (SELECT id FROM produtos WHERE nome = 'Batata Frita 300g'), 1),
(136, (SELECT id FROM produtos WHERE nome = 'Pudim de Leite'), 1),
-- Pedido 137 (2 itens)
(137, (SELECT id FROM produtos WHERE nome = 'Pizza Frango com Catupiry'), 1),
(137, (SELECT id FROM produtos WHERE nome = 'Suco de Laranja 1L'), 1),
-- Pedido 138 (4 itens)
(138, (SELECT id FROM produtos WHERE nome = 'Hambúrguer Bacon'), 1),
(138, (SELECT id FROM produtos WHERE nome = 'Guaraná Antarctica 900ml'), 2),
(138, (SELECT id FROM produtos WHERE nome = 'Nuggets 10un'), 1),
(138, (SELECT id FROM produtos WHERE nome = 'Brigadeiro Gourmet'), 1),
-- Pedido 139 (3 itens)
(139, (SELECT id FROM produtos WHERE nome = 'X-Salada'), 1),
(139, (SELECT id FROM produtos WHERE nome = 'Coca-Cola 2L'), 1),
(139, (SELECT id FROM produtos WHERE nome = 'Polenta Frita 250g'), 1);
---- Pedido 140 (2 itens)
--(140, (SELECT id FROM produtos WHERE nome = 'Filé de Peixe'), 1),
--(140, (SELECT id FROM produtos WHERE nome = 'Água Mineral 500ml'), 2),
---- Pedido 141 (5 itens)
--(141, (SELECT id FROM produtos WHERE nome = 'Pizza Pepperoni'), 1),
--(141, (SELECT id FROM produtos WHERE nome = 'Suco de Laranja 1L'), 1),
--(141, (SELECT id FROM produtos WHERE nome = 'Batata Frita 300g'), 1),
--(141, (SELECT id FROM produtos WHERE nome = 'Bolo de Chocolate'), 1),
--(141, (SELECT id FROM produtos WHERE nome = 'Salada Caesar'), 1),
---- Pedido 142 (2 itens)
--(142, (SELECT id FROM produtos WHERE nome = 'Hambúrguer Clássico'), 1),
--(142, (SELECT id FROM produtos WHERE nome = 'Guaraná Antarctica 900ml'), 2),
---- Pedido 143 (3 itens)
--(143, (SELECT id FROM produtos WHERE nome = 'Temaki Salmão'), 1),
--(143, (SELECT id FROM produtos WHERE nome = 'Cerveja Brahma 350ml'), 2),
--(143, (SELECT id FROM produtos WHERE nome = 'Torta de Limão'), 1),
---- Pedido 144 (4 itens)
--(144, (SELECT id FROM produtos WHERE nome = 'Pizza Calabresa'), 1),
--(144, (SELECT id FROM produtos WHERE nome = 'Coca-Cola 2L'), 1),
--(144, (SELECT id FROM produtos WHERE nome = 'Onion Rings 200g'), 1),
--(144, (SELECT id FROM produtos WHERE nome = 'Sorvete 500ml'), 1),
---- Pedido 145 (2 itens)
--(145, (SELECT id FROM produtos WHERE nome = 'Bife à Parmegiana'), 1),
--(145, (SELECT id FROM produtos WHERE nome = 'Água Mineral 500ml'), 2),
---- Pedido 146 (3 itens)
--(146, (SELECT id FROM produtos WHERE nome = 'Hambúrguer BBQ'), 1),
--(146, (SELECT id FROM produtos WHERE nome = 'Batata Frita 300g'), 1),
--(146, (SELECT id FROM produtos WHERE nome = 'Pudim de Leite'), 1),
---- Pedido 147 (2 itens)
--(147, (SELECT id FROM produtos WHERE nome = 'Pizza Quatro Queijos'), 1),
--(147, (SELECT id FROM produtos WHERE nome = 'Suco de Laranja 1L'), 1),
---- Pedido 148 (4 itens)
--(148, (SELECT id FROM produtos WHERE nome = 'Hambúrguer Vegano'), 1),
--(148, (SELECT id FROM produtos WHERE nome = 'Guaraná Antarctica 900ml'), 2),
--(148, (SELECT id FROM produtos WHERE nome = 'Nuggets 10un'), 1),
--(148, (SELECT id FROM produtos WHERE nome = 'Brigadeiro Gourmet'), 1),
---- Pedido 149 (3 itens)
--(149, (SELECT id FROM produtos WHERE nome = 'X-Burguer'), 1),
--(149, (SELECT id FROM produtos WHERE nome = 'Coca-Cola 2L'), 1),
--(149, (SELECT id FROM produtos WHERE nome = 'Polenta Frita 250g'), 1),
---- Pedido 150 (2 itens)
--(150, (SELECT id FROM produtos WHERE nome = 'Feijoada Completa'), 1),
--(150, (SELECT id FROM produtos WHERE nome = 'Cerveja Brahma 350ml'), 2);

--SELECT * FROM Itens_Pedido LIMIT 10; (primeiros 10 itens).
--SELECT ip.*, p.nome FROM Itens_Pedido ip JOIN Produtos p ON ip.id_produto = p.id_produto LIMIT 10; (itens com nomes dos produtos).